policy,group,n,base_rate,threshold,selection_rate,FPR,TPR,precision,mean_pred_flagged
global threshold,C,50438,0.12797890479400453,0.7252586003387556,0.0674491454855466,0.009117158902303163,0.4649109217660728,0.8821281599059377,0.9235017856321672
equal selection rate,C,50438,0.12797890479400453,0.9923469515400408,0.01001229231928308,0.0002046245140167792,0.07683965917893106,0.9821782178217822,0.9962302266153344
equal FPR,C,50438,0.12797890479400453,0.9811873332951873,0.01946944763868512,0.001114066798535798,0.14453911696359412,0.9501018329938901,0.9917121242044475
global threshold,H,11639,0.0986339032562935,0.7252586003387556,0.029212131626428387,0.002764274139738824,0.27090592334494773,0.9147058823529411,0.9008391661699974
equal selection rate,H,11639,0.0986339032562935,0.9608069490560612,0.01005241000085918,9.53197979220284e-05,0.10104529616724739,0.9914529914529915,0.9869571402639064
equal FPR,H,11639,0.0986339032562935,0.8237475712916087,0.022338688890798177,0.001143837575064341,0.21602787456445993,0.9538461538461539,0.9405356352055643
global threshold,R,16950,0.07008849557522123,0.7252586003387556,0.03445427728613569,0.002093642938713361,0.46380471380471383,0.9434931506849316,0.931218535460231
equal selection rate,R,16950,0.07008849557522123,0.9896302234649569,0.010029498525073746,6.34437254155564e-05,0.14225589225589225,0.9941176470588236,0.9961340006691208
equal FPR,R,16950,0.07008849557522123,0.8295016042263876,0.02920353982300885,0.0011419870574800152,0.4015151515151515,0.9636363636363636,0.958388974413641
global threshold,S,8464,0.06935255198487712,0.7252586003387556,0.008861058601134215,0.00012695188523549576,0.1260647359454855,0.9866666666666667,0.9017109878468561
equal selection rate,S,8464,0.06935255198487712,0.6693596724760826,0.010042533081285445,0.000507807540941983,0.13798977853492334,0.9529411764705882,0.8774305375400938
equal FPR,S,8464,0.06935255198487712,0.5579338957124483,0.012878071833648393,0.0011425669671194618,0.17035775127768313,0.9174311926605505,0.8193265837614401
global threshold,W,355414,0.020812348416213204,0.7252586003387556,8.159498500340448e-05,1.1493691400132752e-05,0.003379748546708125,0.8620689655172413,0.7962052904052631
equal selection rate,W,355414,0.020812348416213204,0.1088676344278972,0.010002419713348377,0.007220911622133401,0.14086791942679464,0.2931082981715893,0.21748209921391287
equal FPR,W,355414,0.020812348416213204,0.28816561690992465,0.001966720500599301,0.001100520951562711,0.0427200216303907,0.4520743919885551,0.4257919462525473
